code	sub_of	prefix	name	old_id	source_note
X-01		X	งานเพิ่มเติม	WP-000	เดิม: WP-000 · ใหม่ (Vol.4)
X-01-01	X-01	X	งานตกหล่น	WP-378	เดิม: WP-378 · ใหม่ (Vol.4)
X-01-02	X-01	X	งานภายในองค์กร	WP-379	เดิม: WP-379 · ใหม่ (Vol.4)
PR-01		PR	งานเตรียมพื้นที่ก่อนการก่อสร้าง	WP-263	เดิม: WP-263
PR-01-01	PR-01	PR	งานหาพิกัดและระดับพื้น (พื้นดินเดิม หัวเสาเข็ม) พร้อมทำทำหลักชั่วคราว	WP-001	เดิม: WP-001
PR-01-02	PR-01	PR	งานทำสโตร์ชั่วคราว	WP-307	เดิม: WP-307
PR-01-03	PR-01	PR	งานติดตั้งป้ายโครงการก่อสร้าง	WP-004	เดิม: WP-004
PR-01-04	PR-01	PR	งานทำรั้วชั่วคราว	WP-005	เดิม: WP-005
PR-01-05	PR-01	PR	งานตีฝังระดับและกริตไลน์	WP-006	เดิม: WP-006
PR-01-06	PR-01	PR	งานจัดหาห้องน้ำชั่วคราว	WP-421	เดิม: WP-421
PR-01-07	PR-01	PR	งานจัดหาลานจอดรถชั่วคราว	WP-422	เดิม: WP-422
PR-01-08	PR-01	PR	งานจัดหาลานปฎิบัติงานชั่วคราว	WP-423	เดิม: WP-423
PR-01-09	PR-01	PR	งานจัดหาที่พักคนงานชั่วคราว	WP-309	เดิม: WP-309
PR-01-10	PR-01	PR	งานติดตั้งเต้นท์ทำงาน	WP-308	เดิม: WP-308 · ใหม่ (Vol.4)
PR-02		PR	งานติดตั้งเต้นท์ทำงาน	WP-420	เดิม: WP-420 · ใหม่ (Vol.4)
PR-03		PR	งานเตรียมงานระบบก่อนก่อสร้าง	WP-380	เดิม: WP-380 · ใหม่ (Vol.4)
PR-03-01	PR-03	PR	งานทำไฟฟ้าชั่วคราว	WP-002	เดิม: WP-002 · ใหม่ (Vol.4)
PR-03-02	PR-03	PR	งานทำประปาชั่วคราว	WP-003	เดิม: WP-003 · ใหม่ (Vol.4)
PR-03-03	PR-03	PR	งานติดตั้งกล้องวงจรปิด	WP-007	เดิม: WP-007 · ใหม่ (Vol.4)
PR-04		PR	งานเครื่องจักรใหญ่	WP-304	เดิม: WP-304
PR-04-01	PR-04	PR	งานปรับพื้นที่เตรียมงานก่อสร้าง	WP-424	เดิม: WP-424
PR-04-02	PR-04	PR	งานขุดฐานรากกำแพงกันดิน	WP-425	เดิม: WP-425
PR-04-03	PR-04	PR	งานขุดฐานรากอาคารภายใน	WP-375	เดิม: WP-375
PR-04-04	PR-04	PR	งานขุดฐานรากบ่อซึม	WP-020	เดิม: WP-020
PR-04-05	PR-04	PR	งานขุดฐานรากบ่อบำบัด	WP-376	เดิม: WP-376
PR-04-06	PR-04	PR	งานขุดฐานราก Tower	WP-377	เดิม: WP-377
PR-04-07	PR-04	PR	งานปรับระดับพื้นลานภายนอก	WP-378	เดิม: WP-378
EX-01		EX	งานติดตั้งกำแพงกันดิน	WP-426	เดิม: WP-426
EX-01-01	EX-01	EX	งานเจาะนำเสาเข็มกำแพงกันดิน	WP-427	เดิม: WP-427
EX-01-02	EX-01	EX	งานลงเสาเข็มฐานรากกำแพงกันดิน	WP-428	เดิม: WP-428
EX-01-03	EX-01	EX	งานตัดเสาเข็มฐานรากกำแพงกันดิน	WP-429	เดิม: WP-429
EX-01-04	EX-01	EX	งานหูช้างรับแผ่นกันดิน	WP-430	เดิม: WP-430
EX-01-05	EX-01	EX	งานติดตั้งผนังกันดิน	WP-431	เดิม: WP-431
EX-01-06	EX-01	EX	งานเหล็กเสริมฐานรากเสาเข็มกำแพงกันดิน	WP-432	เดิม: WP-432
EX-01-07	EX-01	EX	งานติดตั้งลูกปูนหนุนเหล็กฐานรากเสาเข็มกำแพงกันดิน	WP-469	เดิม: WP-469
EX-01-08	EX-01	EX	งานคอนกรีตฐานรากเสาเข็มกำแพงกันดิน	WP-433	เดิม: WP-433
S-01		S	งานลงเสาเข็มหกเหลี่ยม	WP-269	เดิม: WP-269
S-01-01	S-01	S	งานเจาะนำเสาเข็มลานโหลด ห้องถังน้ำดี ชุดถังบำบัด	WP-022	เดิม: WP-022
S-01-02	S-01	S	งานลงเสาเข็มลานโหลด	WP-031	เดิม: WP-031
S-01-03	S-01	S	งานลงเสาเข็มห้องถังน้ำดี	WP-032	เดิม: WP-032
S-01-04	S-01	S	งานลงเสาเข็มชุดถังบำบัด	WP-033	เดิม: WP-033
S-01-05	S-01	S	งานตัดเสาเข็มลานโหลด ห้องถังน้ำดีและชุดถังบำบัด	WP-374	เดิม: WP-374
S-02		S	งานฐานรากและพื้นอาคาร	WP-265	เดิม: WP-265
S-02-01	S-02	S	ตัดหัวเสาเข็มภายในอาคาร	WP-019	เดิม: WP-019
S-02-02	S-02	S	งานผูกเหล็กเสริม Drop Panel	WP-011	เดิม: WP-011
S-02-03	S-02	S	งานผูกเหล็กเสริมคานคอนกรีตอาคาร	WP-012	เดิม: WP-012
S-02-04	S-02	S	งานผูกเหล็กเสริมฐานรากอาคาร	WP-310	เดิม: WP-310
S-02-05	S-02	S	งานผูกเหล็กเสริมตอม่ออาคาร	WP-014	เดิม: WP-014
S-02-06	S-02	S	งานเททรายบดอัดลีนพื้นคานอาคาร	WP-034	เดิม: WP-034
S-02-07	S-02	S	งานเททรายบดอัดลีนพื้นคานห้องเย็น	WP-035	เดิม: WP-035
S-02-08	S-02	S	งานเททรายบดอัดลีนพื้นฐานรากอาคาร	WP-036	เดิม: WP-036
S-02-09	S-02	S	งานเททรายบดอัดลีนพื้น Drop Panel อาคาร	WP-037	เดิม: WP-037
S-02-10	S-02	S	งานลีนพื้นคานอาคาร (เข้าแบบ เทลีน ถอดแบบ)	WP-041	เดิม: WP-041
S-02-11	S-02	S	งานลีนพื้นคานห้องเย็น (เข้าแบบ เทลีน ถอดแบบ)	WP-042	เดิม: WP-042
S-02-12	S-02	S	งานลีนพื้นฐานรากอาคาร (เข้าแบบ เทลีน ถอดแบบ)	WP-043	เดิม: WP-043
S-02-13	S-02	S	งานลีนพื้น Drop Panel อาคาร (เข้าแบบ เทลีน ถอดแบบ)	WP-044	เดิม: WP-044
S-02-14	S-02	S	งานวางเหล็กเสริมคานคอนกรีตอาคาร	WP-056	เดิม: WP-056
S-02-15	S-02	S	งานติดตั้งลูกปูนหนุนเหล็กคานคอนกรีตอาคาร	WP-471	เดิม: WP-471
S-02-16	S-02	S	งานวางเหล็กเสริมฐานรากอาคาร	WP-057	เดิม: WP-057
S-02-17	S-02	S	งานติดตั้งลูกปูนหนุนเหล็กฐานรากอาคาร	WP-472	เดิม: WP-472
S-02-18	S-02	S	งานเข้าแบบคานคอนกรีตอาคาร	WP-060	เดิม: WP-060
S-02-19	S-02	S	งานเข้าแบบฐานรากตอม่ออาคาร	WP-061	เดิม: WP-061
S-02-20	S-02	S	งานเทคอนกรีตคานอาคาร	WP-064	เดิม: WP-064
S-02-21	S-02	S	งานเทคอนกรีตฐานรากอาคาร	WP-065	เดิม: WP-065
S-02-22	S-02	S	งานถอดแบบคานคอนกรีตอาคาร	WP-068	เดิม: WP-068
S-02-23	S-02	S	งานถอดแบบฐานรากอาคาร	WP-069	เดิม: WP-069
S-02-24	S-02	S	งานวางเหล็กเสริมตอม่ออาคาร	WP-082	เดิม: WP-082
S-02-25	S-02	S	งานติดตั้งลูกปูนหนุนเหล็กตอม่ออาคาร	WP-473	เดิม: WP-473
S-02-26	S-02	S	งานวางเหล็กเสริม Drop Panel	WP-083	เดิม: WP-083
S-02-27	S-02	S	งานติดตั้งลูกปูนหนุนเหล็ก Drop Panel	WP-470	เดิม: WP-470
S-02-28	S-02	S	งานเข้าแบบ Drop Panel	WP-085	เดิม: WP-085
S-02-29	S-02	S	งานบดอัดและปรับระดับดินเดิมของพื้นอาคาร	WP-382	เดิม: WP-382 · ใหม่ (Vol.4)
S-02-30	S-02	S	งานระดับทรายบดอัดพื้นอาคาร	WP-086	เดิม: WP-086
S-02-31	S-02	S	งานปูพลาสติกชีทพื้นอาคาร	WP-087	เดิม: WP-087
S-02-32	S-02	S	งานวางไวร์เมชพื้นอาคาร ชั้นล่าง	WP-088	เดิม: WP-088
S-02-33	S-02	S	งานวางไวร์เมชพื้นอาคาร ชั้นบน	WP-460	เดิม: WP-460
S-02-34	S-02	S	งานติดตั้งลูกปูนหนุนเหล็กไวร์เมช ชั้นล่าง	WP-461	เดิม: WP-461
S-02-35	S-02	S	งานติดตั้งเหล็กตีนกาหนุนเหล็กไวร์เมช ชั้นบน	WP-462	เดิม: WP-462
S-02-36	S-02	S	งานเข้าแบบคานอาคาร	WP-089	เดิม: WP-089
S-02-37	S-02	S	งานเข้าแบบตอม่ออาคาร	WP-090	เดิม: WP-090
S-02-38	S-02	S	งานเข้าแบบพื้นอาคาร	WP-092	เดิม: WP-092
S-02-39	S-02	S	งานเทคอนกรีตตอม่ออาคาร	WP-095	เดิม: WP-095
S-02-40	S-02	S	งานเทคอนกรีต Drop Panel	WP-096	เดิม: WP-096
S-02-41	S-02	S	งานเทคอนกรีตพื้นอาคาร	WP-098	เดิม: WP-098
S-02-42	S-02	S	งานขัดผิวพื้นคอนกรีตพื้นอาคารห้องเย็น	WP-101	เดิม: WP-101
S-02-43	S-02	S	งานถอดแบบตอม่ออาคาร	WP-100	เดิม: WP-100
S-02-44	S-02	S	งานถอดแบบพื้นอาคาร	WP-103	เดิม: WP-103
PL-01		PL	งานท่อน้ำเสียภายในอาคาร	WP-294	เดิม: WP-294
PL-01-01	PL-01	PL	งานวางท่อน้ำเสียภายในอาคาร	WP-023	เดิม: WP-023
PL-02		PL	งานชุดบ่อบำบัด	WP-267	เดิม: WP-267
PL-02-01	PL-02	PL	งานผูกเหล็กเสริมฐานรากชุดบ่อบำบัด	WP-015	เดิม: WP-015
PL-02-02	PL-02	PL	งานบดอัดดินเดิมของชุดบ่อบำบัด	WP-383	เดิม: WP-383 · ใหม่ (Vol.4)
PL-02-03	PL-02	PL	งานหาพิกัดและระดับพื้นชุดบ่อบำบัด	WP-384	เดิม: WP-384 · ใหม่ (Vol.4)
PL-02-04	PL-02	PL	งานเททรายบดอัดลีนพื้นชุดบ่อบำบัด	WP-038	เดิม: WP-038
PL-02-05	PL-02	PL	งานลีนพื้นชุดบ่อบำบัด (เข้าแบบ เทลีน ถอดแบบ)	WP-045	เดิม: WP-045
PL-02-06	PL-02	PL	งานวางเหล็กเสริม คลส. ชุดบ่อบำบัด	WP-058	เดิม: WP-058
PL-02-07	PL-02	PL	งานติดตั้งลูกปูนหนุนเหล็กตอม่ออาคาร	WP-474	เดิม: WP-474
PL-02-08	PL-02	PL	งานเข้าแบบชุดบ่อบำบัด	WP-062	เดิม: WP-062
PL-02-09	PL-02	PL	งานเทคอนกรีตชุดบ่อบำบัด	WP-066	เดิม: WP-066
PL-02-10	PL-02	PL	งานถอดแบบชุดบ่อบำบัด	WP-070	เดิม: WP-070
PL-02-11	PL-02	PL	งานวางชุดถังบำบัด	WP-072	เดิม: WP-072
PL-02-12	PL-02	PL	งานต่อท่อชุดถังบำบัด	WP-073	เดิม: WP-073
PL-02-13	PL-02	PL	งานก่อ ยกระดับฝาชุดบ่อบำบัด	WP-114	เดิม: WP-114
PL-02-14	PL-02	PL	งานทาสีชุดฝาบ่อบำบัด	WP-115	เดิม: WP-115
PL-02-15	PL-02	PL	งานเติมจุลินทรีย์ชุดถังบำบัด	WP-262	เดิม: WP-262
PL-03		PL	งานบ่อซึม	WP-270	เดิม: WP-270
PL-03-01	PL-03	PL	งานลงบ่อซึม	WP-055	เดิม: WP-055
PL-03-02	PL-03	PL	งานต่อท่อบ่อซึม	WP-074	เดิม: WP-074
PL-03-03	PL-03	PL	งานก่อ ยกระดับฝาบ่อซึม	WP-116	เดิม: WP-116
PL-03-04	PL-03	PL	งานติดตั้ง FCO ฝาบ่อซึม	WP-328	เดิม: WP-328
S-03		S	งานโครงเหล็กอาคาร โครงหลังคา โครงป้ายไวนิล และโครงรางน้ำ	WP-264	เดิม: WP-264
S-03-01	S-03	S	งานทาสีรองพื้นเหล็กรูปพรรณโครงถัก (Truss) หลังคา	WP-008	เดิม: WP-008
S-03-02	S-03	S	งานทาสีรองพื้นเหล็กรูปพรรณโครงซัพพอร์ตรางน้ำด้านหน้า	WP-025	เดิม: WP-025
S-03-03	S-03	S	งานทาสีรองพื้นเหล็กรูปพรรณโครงซัพพอร์ตรางน้ำด้านซ้ายและด้านขวาของอาคาร	WP-028	เดิม: WP-028
S-03-04	S-03	S	งานทาสีจริงเหล็กรูปพรรณโครงถัก (Truss) หลังคา	WP-018	เดิม: WP-018
S-03-05	S-03	S	งานทาสีจริงเหล็กรูปพรรณโครงซัพพอร์ตรางน้ำด้านหน้า	WP-026	เดิม: WP-026
S-03-06	S-03	S	งานทาสีจริงเหล็กรูปพรรณโครงซัพพอร์ตรางน้ำด้านซ้ายและด้านขวาของอาคาร	WP-029	เดิม: WP-029
S-03-07	S-03	S	งานประกอบโครงถัก (Truss) หลังคา	WP-024	เดิม: WP-024
S-03-08	S-03	S	งานติดตั้ง TURN BUCKLE (เกลียวเร่ง) และ WITH ROD (แกนเหล็กยึด) DB16	WP-469	เดิม: WP-469 · ใหม่ (Vol.4)
S-03-09	S-03	S	งานประกอบโครงซัพพอร์ตรางน้ำด้านหน้า	WP-027	เดิม: WP-027
S-03-10	S-03	S	งานประกอบโครงซัพพอร์ตรางน้ำด้านซ้ายและด้านขวาของอาคาร	WP-030	เดิม: WP-030
S-03-11	S-03	S	งานติดตั้งเพลทเสาอาคาร	WP-093	เดิม: WP-093
S-03-12	S-03	S	งานติดตั้งเสาอาคาร	WP-180	เดิม: WP-180
S-03-13	S-03	S	งานติดตั้งโครงถัก (Truss) หลังคา	WP-181	เดิม: WP-181
S-03-14	S-03	S	งานติดตั้งโครงซัพพอร์ตรางน้ำด้านหน้า	WP-185	เดิม: WP-185
S-03-15	S-03	S	งานติดตั้งโครงซัพพอร์ตรางน้ำด้านซ้ายและด้านขวาของอาคาร	WP-186	เดิม: WP-186
S-03-16	S-03	EX	งานติดตั้งเพลทเสาไฟส่องสว่างภายนอกอาคาร พื้นลานด้านหน้า บล็อคที่ 1	WP-479	เดิม: WP-479 · ใหม่ (Vol.4)
S-03-17	S-03	EX	งานติดตั้งเพลทเสาไฟส่องสว่างภายนอกอาคาร พื้นลานด้านหน้า บล็อคที่ 4	WP-480	เดิม: WP-480 · ใหม่ (Vol.4)
S-03-18	S-03	EX	งานติดตั้งเพลทเสาไฟส่องสว่างภายนอกอาคาร พื้นลานด้านหลังอาคาร	WP-478	เดิม: WP-478
PL-04		PL	งานระบายน้ำฝน	WP-435	เดิม: WP-435
PL-04-01	PL-04	PL	งานติดตั้งรางน้ำสแตนเลส	WP-187	เดิม: WP-187
PL-04-02	PL-04	PL	งานติดตั้งรางน้ำ PVC	WP-434	เดิม: WP-434
PL-04-03	PL-04	PL	งานติดตั้งหัวกะโหลกรางน้ำ	WP-188	เดิม: WP-188
S-04		S	งานฐานราก Tower	WP-268	เดิม: WP-268
S-04-01	S-04	S	งานผูกเหล็กเสริมฐานราก Tower	WP-016	เดิม: WP-016
S-04-02	S-04	S	งานผูกเหล็กเสริมคานคอนกรีตอาคาร	WP-311	เดิม: WP-311
S-04-03	S-04	S	งานผูกเหล็กเสริมตอม่อ Tower	WP-017	เดิม: WP-017
S-04-04	S-04	S	งานบดอัดดินเดิมของพื้นฐานราก Tower	WP-387	เดิม: WP-387 · ใหม่ (Vol.4)
S-04-05	S-04	S	งานหาพิกัดและระดับพื้นฐานราก Tower	WP-388	เดิม: WP-388 · ใหม่ (Vol.4)
S-04-06	S-04	S	งานเททรายบดอัดลีนพื้นฐานราก Tower	WP-039	เดิม: WP-039
S-04-07	S-04	S	งานลีนพื้นฐานราก Tower (เข้าแบบ เทลีน ถอดแบบ)	WP-046	เดิม: WP-046
S-04-08	S-04	S	งานวางเหล็กเสริมฐานราก Tower	WP-059	เดิม: WP-059
S-04-09	S-04	S	งานติดตั้งลูกปูนหนุนเหล็กฐานราก Tower	WP-475	เดิม: WP-475
S-04-10	S-04	S	งานเข้าแบบฐานราก Tower	WP-063	เดิม: WP-063
S-04-11	S-04	S	งานเทคอนกรีตฐานราก Tower	WP-067	เดิม: WP-067
S-04-12	S-04	S	งานถอดแบบฐานราก Tower	WP-071	เดิม: WP-071
S-04-13	S-04	S	งานวางเหล็กเสริมคาน Tower	WP-312	เดิม: WP-312
S-04-14	S-04	S	งานติดตั้งลูกปูนหนุนเหล็กคานTower	WP-476	เดิม: WP-476
S-04-15	S-04	S	งานเข้าแบบคาน Tower	WP-313	เดิม: WP-313
S-04-16	S-04	S	งานเทคอนกรีตคาน Tower	WP-314	เดิม: WP-314
S-04-17	S-04	S	งานถอดแบบคาน Tower	WP-315	เดิม: WP-315
S-04-18	S-04	S	งานติดตั้ง L-Bolt และแผ่นเพลทรับเสา Tower	WP-389	เดิม: WP-389 · ใหม่ (Vol.4)
S-04-19	S-04	S	งานวางเหล็กเสริมตอม่อ Tower	WP-084	เดิม: WP-084
S-04-20	S-04	S	งานติดตั้งลูกปูนหนุนเหล็กตอม่อTower	WP-477	เดิม: WP-477
S-04-21	S-04	S	งานเข้าแบบตอม่อ Tower	WP-091	เดิม: WP-091
S-04-22	S-04	S	งานเทคอนกรีตตอม่อ Tower	WP-097	เดิม: WP-097
S-04-23	S-04	S	งานถอดแบบตอม่อ Tower	WP-102	เดิม: WP-102
S-05		S	งานเสา Tower	WP-316	เดิม: WP-316
S-05-01	S-05	S	งานทาสีรองพื้นขาเสา Tower	WP-317	เดิม: WP-317
S-05-02	S-05	S	งานทาสีจริงขาเสา Tower	WP-318	เดิม: WP-318
S-05-03	S-05	S	งานเชื่อมเพลทต่อทาบขาเสา (เชื่อมประกับขาเสา) Tower	WP-319	เดิม: WP-319
S-05-04	S-05	S	งานเชื่อมบันได Tower	WP-320	เดิม: WP-320
S-05-05	S-05	S	งานเชื่อมแพลทรับป้าย Tower	WP-321	เดิม: WP-321
S-05-06	S-05	S	งานยกติดตั้งเสา Tower	WP-323	เดิม: WP-323
PL-05		PL	งานบ่อพักน้ำฝน	WP-266	เดิม: WP-266
PL-05-01	PL-05	PL	งานหล่อบ่อพักน้ำฝน	WP-009	เดิม: WP-009
PL-05-02	PL-05	PL	งานหล่อฝาบ่อพักน้ำฝน	WP-010	เดิม: WP-010
PL-05-03	PL-05	PL	งานขุดเพื่อวางท่อและบ่อพักรอบอาคาร	WP-104	เดิม: WP-104
PL-05-04	PL-05	PL	งานวางบ่อพักด้านหลังอาคาร	WP-105	เดิม: WP-105
PL-05-05	PL-05	PL	งานต่อท่อบ่อพักด้านหลังอาคาร	WP-106	เดิม: WP-106
PL-05-06	PL-05	PL	งานก่ออิฐยกระดับกรอบฝาบ่อพักด้านหลัง	WP-107	เดิม: WP-107
PL-05-07	PL-05	PL	งานติดตั้งท่อรางน้ำลงบ่อพักด้านหลัง	WP-109	เดิม: WP-109
PL-05-08	PL-05	PL	งานต่อท่อรางน้ำเข้าบ่อพักด้านหลัง	WP-324	เดิม: WP-324
PL-05-09	PL-05	PL	งานติดตั้งฝาบ่อพักด้านหลัง	WP-437	เดิม: WP-437
PL-05-10	PL-05	PL	งานวางบ่อพักด้านขวาของอาคาร	WP-122	เดิม: WP-122
PL-05-11	PL-05	PL	งานต่อท่อบ่อพักด้านขวาของอาคาร	WP-123	เดิม: WP-123
PL-05-12	PL-05	PL	งานก่ออิฐยกระดับกรอบฝาบ่อพักด้านขวาของอาคาร	WP-124	เดิม: WP-124
PL-05-13	PL-05	PL	งานติดตั้งท่อรางน้ำลงบ่อพักด้านขวาของอาคาร	WP-126	เดิม: WP-126
PL-05-14	PL-05	PL	งานต่อท่อรางน้ำเข้าบ่อพักด้านขวาของอาคาร	WP-325	เดิม: WP-325
PL-05-15	PL-05	PL	งานติดตั้งฝาบ่อพักด้านขวาของอาคาร	WP-438	เดิม: WP-438
PL-05-16	PL-05	PL	งานวางบ่อพักด้านซ้ายของอาคาร	WP-131	เดิม: WP-131
PL-05-17	PL-05	PL	งานต่อท่อบ่อพักด้านซ้ายของอาคาร	WP-132	เดิม: WP-132
PL-05-18	PL-05	PL	งานก่ออิฐยกระดับกรอบฝาบ่อพักด้านซ้ายของอาคาร	WP-133	เดิม: WP-133
PL-05-19	PL-05	PL	งานติดตั้งท่อรางน้ำลงบ่อพักด้านซ้ายของอาคาร	WP-135	เดิม: WP-135
PL-05-20	PL-05	PL	งานต่อท่อรางน้ำเข้าบ่อพักด้านซ้ายของอาคาร	WP-326	เดิม: WP-326
PL-05-21	PL-05	PL	งานติดตั้งฝาบ่อพักด้านซ้ายของอาคาร	WP-439	เดิม: WP-439
PL-05-22	PL-05	PL	งานวางบ่อพักด้านหน้า	WP-140	เดิม: WP-140
PL-05-23	PL-05	PL	งานต่อท่อบ่อพักด้านหน้า	WP-141	เดิม: WP-141
PL-05-24	PL-05	PL	งานก่ออิฐยกระดับกรอบฝาบ่อพักด้านหน้า	WP-142	เดิม: WP-142
PL-05-25	PL-05	PL	งานต่อท่อรางน้ำเข้าบ่อพักด้านหน้า	WP-327	เดิม: WP-327
PL-05-26	PL-05	PL	งานติดตั้งฝาบ่อพักด้านหน้า	WP-436	เดิม: WP-436
E-01		E	งานระบบไฟฟ้าเมนภายในอาคาร	WP-271	เดิม: WP-271
E-01-01	E-01	E	งานติดตั้งกราวด์	WP-075	เดิม: WP-075
E-01-02	E-01	E	งานวางท่อร้อยสายไฟใต้พื้นอาคารก่อนปรับพื้นเพื่อปูกระเบื้อง	WP-182	เดิม: WP-182
E-01-03	E-01	E	งานติดตั้งท่อร้อยสายไฟภายในอาคาร	WP-225	เดิม: WP-225
E-01-04	E-01	E	งานเดินสายไฟเมนภายในอาคาร	WP-226	เดิม: WP-226
E-02		E	งานระบบไฟฟ้าเมนภายนอกอาคาร	WP-272	เดิม: WP-272
E-02-01	E-02	E	งานเดินสายไฟเมนภายนอกอาคาร	WP-240	เดิม: WP-240
E-02-02	E-02	E	งานทาสีรองพื้นเหล็กรูปพรรณแร็คไฟฟ้า	WP-390	เดิม: WP-390 · ใหม่ (Vol.4)
E-02-03	E-02	E	งานทาสีจริงเหล็กรูปพรรณแร็คไฟฟ้า	WP-391	เดิม: WP-391 · ใหม่ (Vol.4)
E-02-04	E-02	E	งานประกอบแร็คไฟฟ้า	WP-392	เดิม: WP-392 · ใหม่ (Vol.4)
E-02-05	E-02	E	งานติดตั้งแร็คไฟฟ้า	WP-393	เดิม: WP-393 · ใหม่ (Vol.4)
E-03		E	งานปลั๊กและสวิตช์ไฟภายในอาคาร	WP-273	เดิม: WP-273
E-03-01	E-03	E	งานทาสีรองพื้นเหล็กรูปพรรณรางซัพพอร์ทปลั๊กไฟตู้แช่	WP-160	เดิม: WP-160
E-03-02	E-03	E	งานทาสีจริงเหล็กรูปพรรณรางซัพพอร์ทปลั๊กไฟตู้แช่	WP-161	เดิม: WP-161
E-03-03	E-03	E	งานประกอบรางซัพพอร์ทปลั๊กไฟตู้แช่	WP-162	เดิม: WP-162
E-03-04	E-03	E	งานติดตั้งรางซัพพอร์ทปลั๊กไฟตู้แช่	WP-201	เดิม: WP-201
E-03-05	E-03	E	งานติดตั้งปลั๊กไฟและสวิทช์พร้อมติดสติ๊กเกอร์	WP-227	เดิม: WP-227
E-04		E	งานปลั๊กและสวิตช์ไฟภายนอกอาคาร	WP-274	เดิม: WP-274
E-04-01	E-04	E	งานทาสีรองพื้นเหล็กรูปพรรณเสาไฟส่องสว่างภายนอกอาคาร	WP-163	เดิม: WP-163
E-04-02	E-04	E	งานทาสีจริงเหล็กรูปพรรณเสาไฟส่องสว่างภายนอกอาคาร	WP-164	เดิม: WP-164
E-04-03	E-04	E	งานทาสีรองพื้นเหล็กรูปพรรณซัพพอร์ตไฟสปอร์ตไลท์	WP-165	เดิม: WP-165
E-04-04	E-04	E	งานทาสีจริงเหล็กรูปพรรณเสาไฟทางซัพพอร์ตไฟสปอร์ตไลท์	WP-166	เดิม: WP-166
E-04-05	E-04	E	งานประกอบซัพพอร์ตไฟสปอร์ตไลท์	WP-394	เดิม: WP-394 · ใหม่ (Vol.4)
E-04-06	E-04	E	งานติดตั้งซัพพอร์ตไฟสปอร์ตไลท์	WP-195	เดิม: WP-195
E-04-07	E-04	E	งานติดตั้งเสาไฟส่องสว่างภายนอกอาคาร	WP-241	เดิม: WP-241
E-04-08	E-04	E	งานติดตั้งตู้ไฟร้านเช่า (Kios)	WP-248	เดิม: WP-248
E-05		E	งานไฟส่องสว่างบริเวณภายในอาคาร	WP-275	เดิม: WP-275
E-05-01	E-05	E	งานติดตั้งไฟส่องสว่างภายในอาคารบริเวณพื้นที่ขาย	WP-258	เดิม: WP-258
E-05-02	E-05	E	งานติดตั้งไฟส่องสว่างภายในอาคารบริเวณพื้ื้นที่ห้องตัดแต่ง ห้องคลังแห้ง ห้องน้ำ และลานโหลด	WP-395	เดิม: WP-395 · ใหม่ (Vol.4)
E-05-03	E-05	E	งานติดตั้งไฟส่องสว่างบริเวณพื้นที่รอบอาคาร	WP-396	เดิม: WP-396 · ใหม่ (Vol.4)
E-06		E	งานไฟส่องสว่างภายนอกอาคาร	WP-276	เดิม: WP-276
E-06-01	E-06	E	งานติดตั้งไฟส่องสว่างภายนอกอาคาร	WP-259	เดิม: WP-259
E-06-02	E-06	E	งานติดตั้งไฟสปอร์ตไลท์	WP-397	เดิม: WP-397 · ใหม่ (Vol.4)
EX-02		EX	งานพื้นลานด้านหน้า	WP-277	เดิม: WP-277
EX-02-01	EX-02	EX	งานปรับระดับทรายบดอัดพื้นลานด้านหน้า บล็อคที่ 1	WP-143	เดิม: WP-143
EX-02-02	EX-02	EX	งานเข้าแบบพื้นลานด้านหน้า บล็อคที่ 1	WP-144	เดิม: WP-144
EX-02-03	EX-02	EX	งานวางไวร์เมชพื้นลานด้านหน้า บล็อคที่ 1	WP-145	เดิม: WP-145
EX-02-04	EX-02	EX	งานติดตั้งลูกปูนหนุนเหล็กไวร์เมช พื้นลานด้านหน้า บล็อคที่ 1	WP-440	เดิม: WP-440
EX-02-05	EX-02	EX	งานเทคอนกรีตพื้นลานด้านหน้า บล็อคที่ 1	WP-146	เดิม: WP-146
EX-02-06	EX-02	EX	งานขัดผิวพื้นคอนกรีตลานด้านหน้า บล็อคที่ 1	WP-329	เดิม: WP-329
EX-02-07	EX-02	EX	งานถอดแบบพื้นลานด้านหน้า บล็อคที่ 1	WP-330	เดิม: WP-330
EX-02-08	EX-02	EX	งานปรับระดับทรายบดอัดพื้นลานด้านหน้า บล็อคที่ 2	WP-397	เดิม: WP-397 · ใหม่ (Vol.4)
EX-02-09	EX-02	EX	งานเข้าแบบพื้นลานด้านหน้า บล็อคที่ 2	WP-398	เดิม: WP-398 · ใหม่ (Vol.4)
EX-02-10	EX-02	EX	งานวางไวร์เมชพื้นลานด้านหน้า บล็อคที่ 2	WP-399	เดิม: WP-399 · ใหม่ (Vol.4)
EX-02-11	EX-02	EX	งานติดตั้งลูกปูนหนุนเหล็กไวร์เมช พื้นลานด้านหน้า บล็อคที่ 2	WP-441	เดิม: WP-441 · ใหม่ (Vol.4)
EX-02-12	EX-02	EX	งานเทคอนกรีตพื้นลานด้านหน้า บล็อคที่ 2	WP-400	เดิม: WP-400 · ใหม่ (Vol.4)
EX-02-13	EX-02	EX	งานขัดผิวพื้นคอนกรีตลานด้านหน้า บล็อคที่ 2	WP-401	เดิม: WP-401 · ใหม่ (Vol.4)
EX-02-14	EX-02	EX	งานถอดแบบพื้นลานด้านหน้า บล็อคที่ 2	WP-402	เดิม: WP-402 · ใหม่ (Vol.4)
EX-02-15	EX-02	EX	งานปรับระดับทรายบดอัดพื้นลานด้านหน้า บล็อคที่ 3	WP-403	เดิม: WP-403 · ใหม่ (Vol.4)
EX-02-16	EX-02	EX	งานเข้าแบบพื้นลานด้านหน้า บล็อคที่ 3	WP-404	เดิม: WP-404 · ใหม่ (Vol.4)
EX-02-17	EX-02	EX	งานวางไวร์เมชพื้นลานด้านหน้า บล็อคที่ 3	WP-405	เดิม: WP-405 · ใหม่ (Vol.4)
EX-02-18	EX-02	EX	งานติดตั้งลูกปูนหนุนเหล็กไวร์เมช พื้นลานด้านหน้า บล็อคที่ 3	WP-442	เดิม: WP-442 · ใหม่ (Vol.4)
EX-02-19	EX-02	EX	งานเทคอนกรีตพื้นลานด้านหน้า บล็อคที่ 3	WP-406	เดิม: WP-406 · ใหม่ (Vol.4)
EX-02-20	EX-02	EX	งานขัดผิวพื้นคอนกรีตลานด้านหน้า บล็อคที่ 3	WP-407	เดิม: WP-407 · ใหม่ (Vol.4)
EX-02-21	EX-02	EX	งานถอดแบบพื้นลานด้านหน้า บล็อคที่ 3	WP-408	เดิม: WP-408 · ใหม่ (Vol.4)
EX-02-22	EX-02	EX	งานปรับระดับทรายบดอัดพื้นลานด้านหน้า บล็อคที่ 4	WP-409	เดิม: WP-409 · ใหม่ (Vol.4)
EX-02-23	EX-02	EX	งานเข้าแบบพื้นลานด้านหน้า บล็อคที่ 4	WP-410	เดิม: WP-410 · ใหม่ (Vol.4)
EX-02-24	EX-02	EX	งานวางไวร์เมชพื้นลานด้านหน้า บล็อคที่ 4	WP-411	เดิม: WP-411 · ใหม่ (Vol.4)
EX-02-25	EX-02	EX	งานติดตั้งลูกปูนหนุนเหล็กไวร์เมช พื้นลานด้านหน้า บล็อคที่ 4	WP-443	เดิม: WP-443 · ใหม่ (Vol.4)
EX-02-26	EX-02	EX	งานเทคอนกรีตพื้นลานด้านหน้า บล็อคที่ 4	WP-412	เดิม: WP-412 · ใหม่ (Vol.4)
EX-02-27	EX-02	EX	งานขัดผิวพื้นคอนกรีตลานด้านหน้า บล็อคที่ 4	WP-413	เดิม: WP-413 · ใหม่ (Vol.4)
EX-02-28	EX-02	EX	งานถอดแบบพื้นลานด้านหน้า บล็อคที่ 4	WP-414	เดิม: WP-414 · ใหม่ (Vol.4)
EX-03		EX	งานพื้นลานด้านข้าง	WP-278	เดิม: WP-278
EX-03-01	EX-03	EX	งานปรับระดับทรายบดอัดพื้นลานด้านขวาของอาคาร	WP-125	เดิม: WP-125
EX-03-02	EX-03	EX	งานเข้าแบบพื้นลานด้านขวาของอาคาร	WP-127	เดิม: WP-127
EX-03-03	EX-03	EX	งานวางไวร์เมชพื้นลานด้านขวาของอาคาร	WP-128	เดิม: WP-128
EX-03-04	EX-03	EX	งานติดตั้งลูกปูนหนุนเหล็กไวร์เมชพื้นลานด้านขวาของอาคาร	WP-444	เดิม: WP-444
EX-03-05	EX-03	EX	งานเทคอนกรีตพื้นลานด้านขวาของอาคาร	WP-129	เดิม: WP-129
EX-03-06	EX-03	EX	งานขัดผิวพื้นคอนกรีตลานด้านขวาของอาคาร	WP-331	เดิม: WP-331
EX-03-07	EX-03	EX	งานถอดแบบพื้นลานด้านขวาของอาคาร	WP-332	เดิม: WP-332
EX-03-08	EX-03	EX	งานทำรางวีพื้นลานด้านขวาของอาคาร	WP-130	เดิม: WP-130
EX-03-09	EX-03	EX	งานปรับระดับทรายบดอัดพื้นลานด้านซ้ายของอาคาร	WP-134	เดิม: WP-134
EX-03-10	EX-03	EX	งานเข้าแบบพื้นลานด้านซ้ายของอาคาร	WP-136	เดิม: WP-136
EX-03-11	EX-03	EX	งานวางไวร์เมชพื้นลานด้านซ้ายของอาคาร	WP-137	เดิม: WP-137
EX-03-12	EX-03	EX	งานติดตั้งลูกปูนหนุนเหล็กไวร์เมชพื้นลานด้านซ้ายของอาคาร	WP-445	เดิม: WP-445
EX-03-13	EX-03	EX	งานเทคอนกรีตพื้นลานด้านซ้ายของอาคาร	WP-138	เดิม: WP-138
EX-03-14	EX-03	EX	งานขัดผิวพื้นคอนกรีตลานด้านซ้ายของอาคาร	WP-333	เดิม: WP-333
EX-03-15	EX-03	EX	งานถอดแบบพื้นลานด้านซ้ายของอาคาร	WP-334	เดิม: WP-334
EX-03-16	EX-03	EX	งานทำรางวีพื้นลานด้านซ้ายของอาคาร	WP-139	เดิม: WP-139
EX-04		EX	งานพื้นลานด้านหลัง	WP-279	เดิม: WP-279
EX-04-01	EX-04	EX	งานปรับระดับทรายบดอัดพื้นลานด้านหลังอาคาร	WP-108	เดิม: WP-108
EX-04-02	EX-04	EX	งานเข้าแบบพื้นลานด้านหลังอาคาร	WP-110	เดิม: WP-110
EX-04-03	EX-04	EX	งานวางไวร์เมชพื้นลานด้านหลังอาคาร	WP-111	เดิม: WP-111
EX-04-04	EX-04	EX	งานติดตั้งลูกปูนหนุนเหล็กไวร์เมชพื้นลานด้านหลังอาคาร	WP-446	เดิม: WP-446
EX-04-05	EX-04	EX	งานเทคอนกรีตพื้นลานด้านหลังอาคาร	WP-112	เดิม: WP-112
EX-04-06	EX-04	EX	งานขัดผิวพื้นคอนกรีตลานด้านหลังอาคาร	WP-335	เดิม: WP-335
EX-04-07	EX-04	EX	งานถอดแบบพื้นลานด้านหลังอาคาร	WP-336	เดิม: WP-336
EX-04-08	EX-04	EX	งานทำรางวีพื้นลานด้านหลังอาคาร	WP-113	เดิม: WP-113
S-06		S	งานพื้นลานโหลด	WP-280	เดิม: WP-280
S-06-01	S-06	S	งานตัดเสาเข็มลานโหลด	WP-417	เดิม: WP-417 · ใหม่ (Vol.4)
S-06-02	S-06	S	งานปรับระดับทรายพื้นลานโหลด	WP-117	เดิม: WP-117
S-06-03	S-06	S	งานวางไวร์เมชพื้นลานโหลด	WP-118	เดิม: WP-118
S-06-04	S-06	S	งานติดตั้งลูกปูนหนุนเหล็กไวร์เมชพื้นลานโหลด	WP-447	เดิม: WP-447
S-06-05	S-06	S	งานเข้าแบบพื้นลานโหลด	WP-119	เดิม: WP-119
S-06-06	S-06	S	งานเทคอนกรีตพื้นลานโหลดพร้อมขัดมัน	WP-120	เดิม: WP-120
S-06-07	S-06	S	งานถอดแบบพื้นลานโหลด	WP-121	เดิม: WP-121
EX-05		EX	งานห้องถังน้ำดี	WP-281	เดิม: WP-281
EX-05-01	EX-05	EX	งานเข้าแบบฐานห้องถังน้ำดี	WP-147	เดิม: WP-147
EX-05-02	EX-05	EX	งานผูกเหล็กเสริมพื้นคอนกรีตห้องถังน้ำดี	WP-448	เดิม: WP-448
EX-05-03	EX-05	EX	งานวางเหล็กเสริมพื้นคอนกรีตห้องถังน้ำดี	WP-449	เดิม: WP-449
EX-05-04	EX-05	EX	งานติดตั้งลูกปูนหนุนเหล็กไวร์เมชพื้นคอนกรีตห้องถังน้ำดี	WP-450	เดิม: WP-450
EX-05-05	EX-05	EX	งานเทคอนกรีตห้องถังน้ำดี	WP-148	เดิม: WP-148
EX-05-06	EX-05	EX	งานถอดแบบคอนกรีตห้องถังน้ำดี	WP-337	เดิม: WP-337
EX-05-07	EX-05	EX	งานทาสีรองพื้นเหล็กรูปพรรณห้องถังน้ำดี	WP-149	เดิม: WP-149
EX-05-08	EX-05	EX	งานทาสีจริงเหล็กรูปพรรณห้องถังน้ำดี	WP-150	เดิม: WP-150
EX-05-09	EX-05	EX	งานประกอบและติดตั้งโครงเหล็กห้องถังน้ำดี	WP-151	เดิม: WP-151
EX-05-10	EX-05	EX	งานติดตั้งแผ่นหลังคาเมทัลชีทห้องถังน้ำดี	WP-152	เดิม: WP-152
EX-05-11	EX-05	EX	งานติดตั้งครอบหลังคาห้องถังน้ำดี	WP-153	เดิม: WP-153
EX-05-12	EX-05	EX	งานติดตั้งตะแกรงเหล็กห้องถังน้ำดี	WP-154	เดิม: WP-154
H-01		H	งานแอร์	WP-282	เดิม: WP-282
H-01-01	H-01	H	งานทาสีรองพื้นเหล็กรูปพรรณฐานคอมเพรสเซอร์แอร์	WP-155	เดิม: WP-155
H-01-02	H-01	H	งานทาสีจริงเหล็กรูปพรรณฐานคอมเพรสเซอร์แอร์	WP-156	เดิม: WP-156
H-01-03	H-01	H	งานประกอบโครงฐานคอมเพรสเซอร์แอร์	WP-157	เดิม: WP-157
H-01-04	H-01	H	งานติดตั้งฐานคอมเพรสเซอร์แอร์	WP-158	เดิม: WP-158
H-01-05	H-01	H	งานหล่อเท้าฐานคอมเพรสเซอร์แอร์พร้อมทาสี	WP-159	เดิม: WP-159
H-01-06	H-01	H	งานติดตั้ง Isolator แอร์	WP-238	เดิม: WP-238
H-01-07	H-01	H	งานติดตั้งเบรคเกอร์แอร์และห้องเย็น	WP-239	เดิม: WP-239
EX-06		EX	งานรั้วไวร์แมนและเมทัลชีท	WP-283	เดิม: WP-283
EX-06-01	EX-06	EX	งานทาสีรองพื้นเหล็กรูปพรรณเสารั้วไวร์แมน รั้วเมทัลชีท ประตูข้างห้องเก็บถังน้ำดี และรั้วปิดช่อง	WP-167	เดิม: WP-167
EX-06-02	EX-06	EX	งานทาสีรองพื้นเหล็กรูปพรรณประตูข้างห้องเก็บถังน้ำดี รั้วปิดช่อง ประตูข้างห้องเก็บถังน้ำดี และรั้วปิดช่อง	WP-176	เดิม: WP-176
EX-06-03	EX-06	EX	งานทาสีจริงเหล็กรูปพรรณเสารั้วไวร์แมนและรั้วเมทัลชีท	WP-168	เดิม: WP-168
EX-06-04	EX-06	EX	งานทาสีจริงเหล็กรูปพรรณประตูข้างห้องเก็บถังน้ำดีและรั้วปิดช่อง	WP-177	เดิม: WP-177
EX-06-05	EX-06	EX	งานตั้งแพลทรับเสารั้วไวร์แมนและรั้วเมทัลชีท	WP-338	เดิม: WP-338
EX-06-06	EX-06	EX	งานติดตั้งและประกอบ เสาและโครงรั้วไวร์แมนและรั้วเมทัลชีท	WP-339	เดิม: WP-339
EX-06-07	EX-06	EX	งานติดตั้งรั้วไวร์แมนและรั้วเมทัลชีท	WP-169	เดิม: WP-169
EX-06-08	EX-06	EX	งานติดตั้งประตูข้างห้องเก็บถังน้ำดีและรั้วปิดช่อง	WP-178	เดิม: WP-178
EX-06-09	EX-06	EX	งานหล่อเขิบคอนกรีตพร้อมทาสี (ขาว) รั้วเมทัลชีท	WP-179	เดิม: WP-179
EX-07		EX	งานประตูก่อนเข้าลานโหลด (ด้านนอก)	WP-284	เดิม: WP-284
EX-07-01	EX-07	EX	งานทาสีรองพื้นเหล็กรูปพรรณประตูก่อนเข้าลานโหลด (ด้านนอก)	WP-173	เดิม: WP-173
EX-07-02	EX-07	EX	งานทาสีจริงเหล็กรูปพรรณประตูก่อนเข้าลานโหลด (ด้านนอก)	WP-174	เดิม: WP-174
EX-07-03	EX-07	EX	งานประกอบและติดตั้งโครงเหล็กประตูก่อนเข้าลานโหลด (ด้านนอก)	WP-340	เดิม: WP-340
A-01		A	งานประตูลานโหลด (ด้านใน)	WP-285	เดิม: WP-285
A-01-01	A-01	A	งานทาสีรองพื้นเหล็กรูปพรรณประตูลานโหลด (ด้านใน)	WP-170	เดิม: WP-170
A-01-02	A-01	A	งานทาสีจริงเหล็กรูปพรรณประตูลานโหลด (ด้านใน)	WP-171	เดิม: WP-171
A-01-03	A-01	A	งานประกอบและติดตั้งโครงเหล็กประตูลานโหลด (ด้านใน)	WP-341	เดิม: WP-341
A-01-04	A-01	A	งานติดตั้งประตูลานโหลด	WP-172	เดิม: WP-172
A-02		A	งานผนังกระจก หน้าต่าง ประตูบานเลื่อน และประตูออโต้	WP-286	เดิม: WP-286
A-02-01	A-02	A	งานติดตั้งซัพพอร์ตกระจก	WP-183	เดิม: WP-183
A-02-02	A-02	A	งานติดตั้งกรอบอลูมิเนียมกระจก	WP-203	เดิม: WP-203
A-02-03	A-02	A	งานติดตั้งกระจก	WP-342	เดิม: WP-342
A-02-04	A-02	A	งานซีลกระจก	WP-343	เดิม: WP-343
A-02-05	A-02	A	งานติดตั้งประตูออโต้พร้อมซีล	WP-204	เดิม: WP-204
A-02-06	A-02	A	งานติดตั้งประตูเลื่อนห้องคลังแห้ง	WP-205	เดิม: WP-205
A-02-07	A-02	A	งานติดตั้งหน้าต่าง	WP-206	เดิม: WP-206
A-03		A	งานปรับระดับพื้นก่อนปูกระเบื้อง ก่อฐานตู้กดน้ำ ล็อคเกอร์ และบ่อซิงค์ลานโหลด	WP-451	เดิม: WP-451
A-03-01	A-03	A	งานปรับระดับพื้นร้านก่อนปูกระเบื้อง	WP-184	เดิม: WP-184
A-03-02	A-03	A	งานก่อฐานตู้กดน้ำ	WP-210	เดิม: WP-210
A-03-03	A-03	A	งานก่อฐานล็อคเกอร์	WP-211	เดิม: WP-211
A-03-04	A-03	A	งานก่อบ่อซิงค์ลานโหลด	WP-415	เดิม: WP-415 · ใหม่ (Vol.4)
A-04		A	งานกระเบื้อง	WP-287	เดิม: WP-287
A-04-01	A-04	A	งานปูกระเบื้องพื้นของพื้นที่ขาย	WP-200	เดิม: WP-200
A-04-02	A-04	A	งานปูกระเบื้องพื้นของพื้นห้องตัดแต่ง	WP-212	เดิม: WP-212
A-04-03	A-04	A	งานปูกระเบื้องพื้นของพื้นคลังแห้ง	WP-213	เดิม: WP-213
A-04-04	A-04	A	งานปูกระเบื้องพื้นของพื้นห้องน้ำ	WP-214	เดิม: WP-214
A-04-05	A-04	A	งานปูกระเบื้องผนังห้องน้ำ	WP-215	เดิม: WP-215
A-04-06	A-04	A	งานปูกระเบื้องพื้นของพื้นที่เทอเรส	WP-217	เดิม: WP-217
A-04-07	A-04	A	งานปูกระเบื้องบัวของพื้นที่ขาย	WP-218	เดิม: WP-218
A-04-08	A-04	A	งานปูกระเบื้องบัวของพื้นห้องตัดแต่ง	WP-452	เดิม: WP-452
A-04-09	A-04	A	งานปูกระเบื้องบัวของพื้นคลังแห้ง	WP-453	เดิม: WP-453
A-04-10	A-04	A	งานปูกระเบื้องบัวของพื้นเทอเรส	WP-219	เดิม: WP-219
A-04-11	A-04	A	งานปูกระเบื้องขอบของพื้นเทอเรส	WP-454	เดิม: WP-454
A-04-12	A-04	A	งานติดตั้งจมูกกระเบื้อง	WP-220	เดิม: WP-220
A-04-13	A-04	A	งานติดตั้งคิ้วกระเบื้อง	WP-221	เดิม: WP-221
PL-06		PL	งานน้ำดีภายในอาคาร	WP-303	เดิม: WP-303
PL-06-01	PL-06	PL	งานติดตั้งท่อน้ำดีภายในอาคาร	WP-190	เดิม: WP-190
A-05		A	งานหลังคา ครอบ ไซด์ดิ่ง แฟรชชิ่ง ฝ้ามเทัลชีท	WP-288	เดิม: WP-288
A-05-01	A-05	A	งานติดตั้งแผ่นหลังคาเมทัลชีทพร้อมแด๊ป	WP-189	เดิม: WP-189
A-05-02	A-05	A	งานติดตั้งไซด์ดิ้งพร้อมแด๊ป	WP-191	เดิม: WP-191
A-05-03	A-05	A	งานติดตั้งฝ้าเมทัลชีทพร้อมแด๊ป	WP-192	เดิม: WP-192
A-05-04	A-05	A	งานติดตั้งครอบพร้อมแด๊ป	WP-193	เดิม: WP-193
A-05-05	A-05	A	งานติดตั้งเฟรชชิ่งพร้อมแด๊ป	WP-194	เดิม: WP-194
A-06		A	งาน Isowall	WP-289	เดิม: WP-289
A-06-01	A-06	A	งานทำเขิบ Isowall	WP-196	เดิม: WP-196
A-06-02	A-06	A	งานติดตั้ง Isowall	WP-197	เดิม: WP-197
A-06-03	A-06	A	งานเจาะผนัง Isowall	WP-198	เดิม: WP-198
A-07		A	งานประตู	WP-290	เดิม: WP-290
A-07-01	A-07	A	งานติดตั้งประตูเหวี่ยงพร้อมธรณีประตู	WP-199	เดิม: WP-199
A-08		A	งานอลูมิเนียมคอมโพสิต	WP-291	เดิม: WP-291
A-08-01	A-08	A	งานทาสีรองพื้นซัพพอร์ตอลูมิเนียมคอมโพสิต	WP-344	เดิม: WP-344
A-08-02	A-08	A	งานทาสีจริงซัพพอร์ตอลูมิเนียมคอมโพสิต	WP-345	เดิม: WP-345
A-08-03	A-08	A	งานติดตั้งซัพพอร์ตอลูมิเนียมคอมโพสิต	WP-346	เดิม: WP-346
A-08-04	A-08	A	งานติดตั้งเสาอลูมิเนียมคอมโพสิต	WP-202	เดิม: WP-202
A-08-05	A-08	A	งานติดตั้งฝ้า Canopy	WP-347	เดิม: WP-347
H-02		H	งานกั้นและระบายอากาศ	WP-292	เดิม: WP-292
H-02-01	H-02	H	งานติดตั้งม่านริ้วกั้นอากาศสีเหลือง	WP-207	เดิม: WP-207
H-02-02	H-02	H	งานติดตั้งพัดลมดูดอากาศและพัดลมโคจร	WP-208	เดิม: WP-208
H-02-03	H-02	H	งานติดตั้งฮูดพัดลม	WP-209	เดิม: WP-209
A-09		A	งานสุขภัณฑ์	WP-293	เดิม: WP-293
A-09-01	A-09	A	งานติดตั้งสุขภัณฑ์และป้ายห้องน้ำ	WP-216	เดิม: WP-216
A-10		A	งานติดตั้งฟลอร์เดรน FCO และรางกัตเตอร์ภายในอาคาร	WP-348	เดิม: WP-348
A-10-01	A-10	A	งานติดตั้งฟลอร์เดรนภายในอาคาร	WP-222	เดิม: WP-222
A-10-02	A-10	A	งานติดตั้ง FCO ภายในอาคาร	WP-349	เดิม: WP-349
A-10-03	A-10	A	งานติดตั้งรางกัตเตอร์ลานโหลด	WP-223	เดิม: WP-223
A-10-04	A-10	A	งานติดตั้งรางกัตเตอร์ภายในอาคาร	WP-224	เดิม: WP-224
A-11		A	งานฝ้าทีบาร์	WP-295	เดิม: WP-295
A-11-01	A-11	A	งานติดตั้งโครงฝ้าทีบาร์พื้นที่ขาย	WP-228	เดิม: WP-228
A-11-02	A-11	A	งานติดตั้งโครงฝ้าทีบาร์พื้นที่ตัดแต่ง และห้องคลังแห้ง	WP-350	เดิม: WP-350
A-11-03	A-11	A	งานติดตั้งโครงฝ้าทีบาร์ห้องน้ำ	WP-351	เดิม: WP-351
A-11-04	A-11	A	งานติดตั้งแผ่นฝ้าทีบาร์พื้นที่ขาย	WP-229	เดิม: WP-229
A-11-05	A-11	A	งานติดตั้งแผ่นฝ้าทีบาร์พื้นที่ตัดแต่ง และห้องคลังแห้ง	WP-352	เดิม: WP-352
A-11-06	A-11	A	งานติดตั้งแผ่นฝ้าทีบาร์ห้องน้ำ	WP-353	เดิม: WP-353
SIS-01		SIS	งานระบบความปลอดภัยภายในอาคาร	WP-296	เดิม: WP-296
SIS-01-01	SIS-01	SIS	งานติดตั้งไฟฉุกเฉิน	WP-230	เดิม: WP-230
SIS-01-02	SIS-01	SIS	งานติดตั้งป้ายหนีไฟ	WP-231	เดิม: WP-231
SIS-01-03	SIS-01	SIS	งานติดตั้งไฟแจ้งเตือนของประตูหนีไฟพร้อมลิมิตสวิทช์	WP-232	เดิม: WP-232
SIS-01-04	SIS-01	SIS	งานติดตั้งส่งเสียงเข้าร้าน	WP-233	เดิม: WP-233
SIS-01-05	SIS-01	SIS	งานติดตั้งประตูหนีไฟ	WP-455	เดิม: WP-455
E-07		E	งานสัญญาณอินเตอร์เน็ต	WP-297	เดิม: WP-297
E-07-01	E-07	E	งานติดตั้งรางไวร์เวย์ของสายแลน	WP-234	เดิม: WP-234
E-08		E	งานตู้โหลดไฟฟ้า	WP-298	เดิม: WP-298
E-08-01	E-08	E	งานติดตั้งตู้โหลด	WP-235	เดิม: WP-235
E-08-02	E-08	E	งานติดตั้งตู้ไทม์เมอร์	WP-236	เดิม: WP-236
E-08-03	E-08	E	งานติดตั้งตู้ดิจิตอล	WP-237	เดิม: WP-237
F-01		F	งานสั่งประกอบ	WP-299	เดิม: WP-299
F-01-01	F-01	F	งานติดตั้งที่ใส่ลังกระดาษ	WP-243	เดิม: WP-243
F-01-02	F-01	F	งานติดตั้งที่จอดรถเข็น	WP-244	เดิม: WP-244
F-01-03	F-01	F	งานติดตั้งพรม	WP-245	เดิม: WP-245
PL-07		PL	งานน้ำดีภายนอกอาคาร	WP-302	เดิม: WP-302
PL-07-01	PL-07	PL	งานติดตั้งท่อน้ำดีภายนอกอาคาร	WP-242	เดิม: WP-242
PL-07-02	PL-07	PL	งานติดตั้งท่อน้ำดีร้านเช่า (Kios)	WP-456	เดิม: WP-456
EX-08		EX	งานเบ็ดเตล็ดภายนอกอาคาร	WP-300	เดิม: WP-300
EX-08-01	EX-08	EX	งานทำแลมป์หน้าทางเข้า	WP-246	เดิม: WP-246
EX-08-02	EX-08	EX	งานก่อฐาน Kios	WP-247	เดิม: WP-247
EX-08-03	EX-08	EX	งานทำเขิบรอบอาคารและภายในลานโหลด	WP-254	เดิม: WP-254
EX-08-04	EX-08	EX	งานทาสีเขิบรอบอาคารและภายในลานโหลด	WP-255	เดิม: WP-255
SIS-02		SIS	งานจราจรและความปลอดภัย	WP-301	เดิม: WP-301
SIS-02-01	SIS-02	SIS	งานทาสีรองพื้นเหล็กรูปพรรณเสากันชน	WP-249	เดิม: WP-249
SIS-02-02	SIS-02	SIS	งานติดตั้งเสากันชน	WP-250	เดิม: WP-250
SIS-02-03	SIS-02	SIS	งานทาสีจริงเหล็กรูปพรรณเสากันชน (สีเหลือง 2 สีดำ 3)	WP-251	เดิม: WP-251
SIS-02-04	SIS-02	SIS	งานติดตั้งเขิบกั้นรถ	WP-252	เดิม: WP-252
SIS-02-05	SIS-02	SIS	งานทาสีเขิบกั้นรถ (สีเหลือง 3 สีดำ 2)	WP-253	เดิม: WP-253
SIS-02-06	SIS-02	SIS	งานตีเส้นจราจร	WP-256	เดิม: WP-256
SIS-02-07	SIS-02	SIS	งานตัดจ้อยรอบอาคารและลานด้านนอก	WP-260	เดิม: WP-260
SIS-02-08	SIS-02	SIS	งานหยอดยางมะตอยรอบอาคารและลานด้านนอก	WP-261	เดิม: WP-261
SG-01		SG	งานป้ายจราจร	WP-457	เดิม: WP-457
SG-01-01	SG-01	SG	งานทาสีรองพื้นเหล็กรูปพรรณเสาป้ายจอดรถและคนพิการ	WP-354	เดิม: WP-354
SG-01-02	SG-01	SG	งานทาสีจริงเหล็กรูปพรรณเสาป้ายจอดรถและคนพิการ	WP-355	เดิม: WP-355
SG-01-03	SG-01	SG	งานติดตั้งป้ายจอดรถและคนพิการ	WP-356	เดิม: WP-356
EX-09		EX	งานทางเชื่อม	WP-306	เดิม: WP-306
EX-09-01	EX-09	EX	งานบดอัดดินเดิมของพื้นทางเชื่อม	WP-257	เดิม: WP-257
EX-09-02	EX-09	EX	งานหาพิกัดและระดับพื้นทางเชื่อม	WP-416	เดิม: WP-416 · ใหม่ (Vol.4)
EX-09-03	EX-09	EX	งานลงทรายบดอัดทางเชื่อม	WP-361	เดิม: WP-361
EX-09-04	EX-09	EX	งานวางไวร์เมชทางเชื่อม	WP-362	เดิม: WP-362
EX-09-05	EX-09	EX	งานติดตั้งลูกปูนหนุนเหล็กไวร์เมชทางเชื่อม	WP-458	เดิม: WP-458
EX-09-06	EX-09	EX	งานเข้าแบบทางเชื่อม	WP-363	เดิม: WP-363
EX-09-07	EX-09	EX	งานเทคอนกรีตทางเชื่อม	WP-364	เดิม: WP-364
EX-09-08	EX-09	EX	งานขัดผิวคอนกรีตทางเชื่อม	WP-365	เดิม: WP-365
EX-09-09	EX-09	EX	งานถอดแบบทางเชื่อม	WP-366	เดิม: WP-366
EX-09-10	EX-09	EX	งานทำเขิบทางเชื่อม	WP-367	เดิม: WP-367
EX-09-11	EX-09	EX	งานทาสีเขิบทางเชื่อม	WP-368	เดิม: WP-368
EX-10		EX	งานดาดทางเชื่อม	WP-369	เดิม: WP-369
EX-10-01	EX-10	EX	งานปรับพื้นเตรียมทำดาดทางเชื่อม	WP-370	เดิม: WP-370
EX-10-02	EX-10	EX	งานวางไวร์เมชทางเชื่อม	WP-371	เดิม: WP-371
EX-10-03	EX-10	EX	งานติดตั้งลูกปูนหนุนเหล็กไวร์เมช งานดาดทางเชื่อม	WP-459	เดิม: WP-459
EX-10-04	EX-10	EX	งานเทคอนกรีตทางเชื่อม	WP-372	เดิม: WP-372
EX-10-05	EX-10	EX	งานขัดผิวคอนกรีตทางเชื่อม	WP-373	เดิม: WP-373
O-01		O	งานเก็บรายละเอียดก่อนส่งมอบ	WP-418	เดิม: WP-418 · ใหม่ (Vol.4)
O-01-01	O-01	O	งานทำความสะอาดก่อนส่งมอบงาน	WP-419	เดิม: WP-419 · ใหม่ (Vol.4)
O-01-02	O-01	O	งานติดตั้งเสาไฟฟ้า	WP-463	เดิม: WP-463 · ใหม่ (Vol.4)
O-01-03	O-01	O	งานติดตั้งป้ายเทาว์เวอร์	WP-464	เดิม: WP-464 · ใหม่ (Vol.4)
O-01-04	O-01	O	งานติดตั้งป้ายหน้าร้าน	WP-465	เดิม: WP-465 · ใหม่ (Vol.4)
O-01-05	O-01	O	งานติดตั้งตู้แช่	WP-466	เดิม: WP-466 · ใหม่ (Vol.4)
O-01-06	O-01	O	งานติดตั้งเฟอร์นิเจอร์	WP-467	เดิม: WP-467 · ใหม่ (Vol.4)
O-01-07	O-01	O	งานติดตั้งเครื่องปรับอากาศ	WP-468	เดิม: WP-468 · ใหม่ (Vol.4)
